filename, normal, red_eyes
1653298613022_jpg.rf.00030f5f71d404d209c8867967b1ca57.jpg, 1, 0
1653298613642_jpg.rf.00c65887c06bcf2a20f54215f1460fe8.jpg, 0, 1
1653298613159_png_jpg.rf.00b816b77be9de03e22a96606d85780e.jpg, 1, 0
1653298613082_jpg.rf.0039c0562d0dde557fe2c6bc68d9070f.jpg, 1, 0
1653298613169_png_jpg.rf.09de5a35233315c3172f1cd55eaf6ff2.jpg, 0, 1
1653298613001_jpg.rf.0125928c7807c540bbb4409461cfe9be.jpg, 1, 0
1653298613180_jpg.rf.012f9cabe9da2b3e26f1dae80cefe7df.jpg, 0, 1
1653298613224_jpg.rf.00e3e6b682f22010fe53331f00ac78a4.jpg, 1, 0
1653298613574_jpg.rf.0bb1b6aaa6f2e796d7a3a62bce6b7063.jpg, 0, 1
1653298613367_jpg.rf.0921ed1ea77127c3f6a8a94f98d369bf.jpg, 0, 1
1653298613626_jpg.rf.0b78c0c4facbc1495354a44c9de1ca69.jpg, 0, 1
1653298613210_jpg.rf.071867ce861d76702d2c3a9259896d12.jpg, 0, 1
1653298613184_jpg.rf.06233a555bb5354baa802adbd1c26db3.jpg, 1, 0
1653298613217_jpg.rf.0686151d59e5565002f865d0c4becb82.jpg, 1, 0
1653298613626_jpg.rf.029b815d497fbfcff1ea1f38845cb62d.jpg, 0, 1
1653298613598_jpg.rf.0725462c79bf6cedb150bd200dd0bb2c.jpg, 0, 1
1653298613234_jpg.rf.0c32e2c6cfaa7f294a29df4380fac881.jpg, 1, 0
1653298613061_jpg.rf.0a0e0942888f32d4b68959568110505e.jpg, 1, 0
1653298613555_jpg.rf.080c6256db956515e8ef33347c38d178.jpg, 0, 1
1653298613022_jpg.rf.0c0216ea98b3f97ae8897bd2c81f1392.jpg, 1, 0
1653298613169_png_jpg.rf.07b326fb19d4e527a0f2eae35e97f42c.jpg, 0, 1
1653298613039_jpg.rf.06e6017f2443d563b2459ceee2c0cf2a.jpg, 0, 1
1653298613174_jpg.rf.0b4590245b9e1ac3060b9adc706f508f.jpg, 1, 0
1653298613631_jpg.rf.080d9030e02c886bd87777cd02649398.jpg, 0, 1
1653298613621_jpeg_jpg.rf.0c6593952628e069622ca13aa1c672c9.jpg, 0, 1
1653298613487_jpg.rf.0bf7b8291ab1eceb46b39d23f0ed4e78.jpg, 0, 1
1653298613372_jpg.rf.0ccf6fed1be2274b8bd5274c23f3e8fa.jpg, 0, 1
1653298613382_jpg.rf.05acf12147c2c99e91674c9e9fd04558.jpg, 0, 1
1653298613327_jpg.rf.0ee011ec5adde419038ec35f6bc0be16.jpg, 0, 1
1653298613217_jpg.rf.0ec221145922646b8d74e2efa9b5c40a.jpg, 1, 0
1653298613194_jpg.rf.0c1024cf566950f8390d5628dcbb349a.jpg, 0, 1
1653298613482_jpg.rf.10377edce4cb754809edd10c0ca38671.jpg, 0, 1
1653298613492_jpg.rf.10da5794508f1f13d454d1bb37fae379.jpg, 0, 1
1653298613217_jpg.rf.04cbb36cbf0cbd086ef3aa24c1b74250.jpg, 1, 0
1653298613584_jpg.rf.0cb6d43f378eeb8dfc25d34d3f557dba.jpg, 0, 1
1653298613200_jpg.rf.0f3ad7a57fb5a8abd61f8500ce96e24d.jpg, 1, 0
1653298613534_jpg.rf.0f47bf4e457dafb96500bacee3784f21.jpg, 0, 1
1653298613249_jpg.rf.14c2f72b34d85ce32c755a68eb217cdd.jpg, 1, 0
1653298613174_jpg.rf.126d99b0c2ab9b42c77772bbf4b80105.jpg, 1, 0
1653298613348_png_jpg.rf.0e3bb9287409f7e6f4b35540331ecd38.jpg, 0, 1
1653298613609_png_jpg.rf.12f775e13b042680b00febaf3c5605a8.jpg, 0, 1
1653298612971_jpg.rf.128c8fa51892ca75e8199fec597015da.jpg, 1, 0
1653298613604_jpg.rf.18aaf38fbf28119276612dd2f9191d62.jpg, 0, 1
1653298613529_jpg.rf.1901f84884442a8570ee723d9984ea83.jpg, 0, 1
1653298613184_jpg.rf.19b5edb156e6dcef67f51ee647851b4c.jpg, 1, 0
1653298613327_jpg.rf.1bc836e54fe70da5f896019c1e1b29ae.jpg, 0, 1
1653298613496_jpg.rf.1623496f909d617d93fd0669616d3e90.jpg, 0, 1
1653298613018_jpg.rf.1bd192abf481745d98bc4e29e70d7ae9.jpg, 1, 0
1653298613642_jpg.rf.1113f1919fccceeea28504663d5afcd9.jpg, 0, 1
1653298612991_jpg.rf.16508a7bf660da89df3c5f07640a7d0f.jpg, 1, 0
1653298613174_jpg.rf.168c6fb442d0098d902a25ad7bbbbb34.jpg, 1, 0
1653298613144_jpg.rf.1a3470d52a5345921d35a1cfa8b7a780.jpg, 1, 0
1653298613636_png_jpg.rf.169050c0773f74dad152c90f0174aa53.jpg, 0, 1
1653298613033_jpg.rf.1a5afb8dc354944a5deec1367392ed71.jpg, 1, 0
1653298612971_jpg.rf.1c638054f1303c0cb0f52803c814199d.jpg, 1, 0
1653298613115_jpg.rf.1ae0d12764c2a50b9ccc3821f28aafc5.jpg, 0, 1
1653298613529_jpg.rf.1b4f0b0fe1a81263b1c99a6cac20169a.jpg, 0, 1
1653298613304_jpeg_jpg.rf.1b53bd66ede45aa652d14dd424496f0c.jpg, 0, 1
1653298613539_jpg.rf.16343f3a3227820a31482450313d39a3.jpg, 0, 1
1653298613534_jpg.rf.1c9ba4e610d44ab0648ee91f4f620b54.jpg, 0, 1
1653298613093_jpg.rf.1a544716f18e067558d53654918ae7bd.jpg, 1, 0
1653298613217_jpg.rf.1ac69cc4076278ee7b2cc7fce5fde8bf.jpg, 1, 0
1653298613568_jpg.rf.1cb0d9a801ac2ed01539e1b1631a581f.jpg, 0, 1
1653298613082_jpg.rf.1d8dd81fb6ac5f98e59406ab546c1f4b.jpg, 1, 0
1653298613529_jpg.rf.1e4febaa32d33b61075ef7404a1bf952.jpg, 0, 1
1653298613482_jpg.rf.1df906624ba66201a718adb8d6a1931e.jpg, 0, 1
1653298613050_jpg.rf.1fb7fdb98f83e1a430a677f7982dd0c7.jpg, 0, 1
1653298613128_jpg.rf.1ec7a6534544015f766a057f2c4a1b8f.jpg, 1, 0
1653298613636_png_jpg.rf.0f2da8acae28e2126ed8bd20fdadceb8.jpg, 0, 1
1653298613028_jpg.rf.25b658e3eaa8aa626a30e9c760b1efc2.jpg, 1, 0
1653298613082_jpg.rf.23e65ea7bf2d9f45f46f8ce28187d1d7.jpg, 1, 0
1653298613033_jpg.rf.23548146a98aba77b0b3345f74e6bd8f.jpg, 1, 0
1653298613128_jpg.rf.2226647f34aee056d9d839b1a153396e.jpg, 1, 0
1653298613120_jpg.rf.2320da9a71d5a1947015f5d3c2020fc3.jpg, 1, 0
1653298613159_png_jpg.rf.233bfc210843720498d8aeec30fcc0cd.jpg, 1, 0
1653298613584_jpg.rf.23aaa257eb96e3725715b1a7993640bb.jpg, 0, 1
1653298613560_jpg.rf.20e9048948f0587f8a7a8ce00305822e.jpg, 0, 1
1653298613210_jpg.rf.233d12d523166648ddeaf1102bbae4eb.jpg, 0, 1
1653298613044_jpg.rf.2115ce759e85d9e9d9de118ac1d431a4.jpg, 0, 1
1653298613555_jpg.rf.232e9b1a66cdd21c38ef483ca4ca36c8.jpg, 0, 1
1653298613598_jpg.rf.234ea00489095e27f2c6bddeec402500.jpg, 0, 1
1653298613065_jpg.rf.20e2c55fd4ae22b162e4cbd17c610829.jpg, 1, 0
1653298613362_jpg.rf.2234e346551873c2091d93e83889644b.jpg, 0, 1
1653298613626_jpg.rf.26f0005afcf5124b79e43114f21a6ae4.jpg, 0, 1
1653298613264_jpg.rf.20eed2d739d8abd2b73e5e9c5d319e76.jpg, 0, 1
1653298613001_jpg.rf.27784cc492273987bebf3ce16a1e9ae5.jpg, 1, 0
1653298613164_png_jpg.rf.20a5fd42143bdf9876a9a620f4ca32cb.jpg, 1, 0
1653298613642_jpg.rf.26226065708daa6f859f40a5bc4e8647.jpg, 0, 1
1653298613076_jpg.rf.24c3f9f9d6d82399411e9373245bf2dc.jpg, 1, 0
1653298613104_jpg.rf.2c39da3d1d00c7078e5f3d322212d822.jpg, 0, 1
1653298613134_png_jpg.rf.2cb5f112a267c0942aa013b73e874cf7.jpg, 1, 0
1653298613164_png_jpg.rf.2ba4566821716dd8672eaa4732364d30.jpg, 1, 0
1653298613358_jpg.rf.2029b5624f9912a65dad9c024fbb37f9.jpg, 0, 1
1653298613539_jpg.rf.28f8eb69e709ae96f13c62805ff248f6.jpg, 0, 1
1653298613348_png_jpg.rf.2d8ba85cabf4ed2457ee951e58372aa1.jpg, 0, 1
1653298613061_jpg.rf.2c3f2a0e6fff56bf3b60af7ca6333716.jpg, 1, 0
1653298613348_png_jpg.rf.25834e38c5ee7128ff959670978a79e7.jpg, 0, 1
1653298613144_jpg.rf.30babce9d9a7994a5ea82e290b1dfdda.jpg, 1, 0
1653298613044_jpg.rf.31ffb4d3b98183aba6915bb7678e45fd.jpg, 0, 1
1653298613492_jpg.rf.2ef6d94873dba4320ccaa090615aca5a.jpg, 0, 1
1653298613104_jpg.rf.30916c902e9978b5228fd307b8ae2867.jpg, 0, 1
1653298613372_jpg.rf.2efe9bf3a4de2e0d2eb6da1da8beafbc.jpg, 0, 1
1653298613496_jpg.rf.31e8b5fb83dd567594721c955d8cce98.jpg, 0, 1
1653298613534_jpg.rf.330c593f65baef57a769beff02eb61d1.jpg, 0, 1
1653298613174_jpg.rf.2fc22eb84b1147b5c1922a060aa973c9.jpg, 1, 0
1653298613372_jpg.rf.317e38d05688cf4554a9dc1c1f4cff42.jpg, 0, 1
1653298613631_jpg.rf.35a6e4641d8d56dc447ed8948132d300.jpg, 0, 1
1653298613210_jpg.rf.3540f82b0e80b0c020781e9f9e4ffdee.jpg, 0, 1
1653298613194_jpg.rf.3534c4359f06edd47b6163d3ebe2b0d1.jpg, 1, 0
1653298613598_jpg.rf.37e5107a19ea9d5a1893195d5b73b43b.jpg, 0, 1
1653298613258_jpg.rf.318eae174b2391c0391a43989387bee3.jpg, 1, 0
1653298613244_jpg.rf.3936da40d7f1f4ab34b24b4cd3322114.jpg, 1, 0
1653298613348_png_jpg.rf.3c78b3d194212eb78e3e1c64bb96b7b3.jpg, 0, 1
1653298613358_jpg.rf.2d2e21a4e3e91a1e499d0818fd4c23e0.jpg, 0, 1
1653298613338_jpg.rf.33307f43b333b191fbd0b98f8e8d8743.jpg, 0, 1
1653298613169_png_jpg.rf.39195396087e32fc9d1600e4dead6c70.jpg, 0, 1
1653298613482_jpg.rf.3cacc889e0ec51e6e44d49233b9b45e3.jpg, 0, 1
1653298613378_png_jpg.rf.3b30e5325a2b9e354bd0550fe3345d38.jpg, 0, 1
1653298613144_jpg.rf.35cccbbd59c82c25601eeb746de30785.jpg, 1, 0
1653298613264_jpg.rf.39635e86d7fdd565b19a54e4b8820113.jpg, 0, 1
1653298613518_jpg.rf.3e79eb961524fc8dd03c874bb49486e0.jpg, 0, 1
1653298613343_jpg.rf.3206218b9bf3af9b005b6d51b9c0ccd5.jpg, 0, 1
1653298613229_jpg.rf.41e22e4f5266ac5ed39554223cf5b819.jpg, 1, 0
1653298613278_jpg.rf.3dadbc10eb1ee2a678783d44819352ae.jpg, 1, 0
1653298613518_jpg.rf.3d69edde145db13321d18290fe9db976.jpg, 0, 1
1653298613238_jpg.rf.3e9b088e4c6ac1293fef097b81cc4aa9.jpg, 1, 0
1653298613128_jpg.rf.40953dcff390318a3bf334cef8dcaf8d.jpg, 1, 0
1653298613234_jpg.rf.446ab168b9b912de3ea2799b48a4f062.jpg, 1, 0
1653298613056_jpg.rf.4a7b1608babe70872e8e918c347353bc.jpg, 0, 1
1653298613332_jpeg_jpg.rf.4479d723f3bfee5cfc77da7af5f27c7d.jpg, 0, 1
1653298613550_jpg.rf.498195a89ef060b6ce773e4f1e2d0e1e.jpg, 0, 1
1653298613327_jpg.rf.4b810727aa2cadde2293da4cfa8028a8.jpg, 0, 1
1653298613534_jpg.rf.3f3957bfbcd649b0aa369752a97fd195.jpg, 0, 1
1653298613012_jpg.rf.47e6fc2c40ccf37c6c146b2ee9d4e8fa.jpg, 1, 0
1653298613224_jpg.rf.4a9b2dcd99c7be41cfc57cb920e1f67f.jpg, 1, 0
1653298613194_jpg.rf.42100c7626101ada3f963d1ad06753d0.jpg, 1, 0
1653298613507_jpg.rf.4affcf2b658dc9c65bb742b99b038237.jpg, 0, 1
1653298613164_png_jpg.rf.4b1fd25f8b9d95aba455464c3e3d812e.jpg, 1, 0
1653298613318_jpg.rf.3f61c2520885148a32eaa09bd75afd68.jpg, 0, 1
1653298613268_jpg.rf.48a56f4c30d52929c8bcfa281323a957.jpg, 1, 0
1653298613039_jpg.rf.47e7ba366989c44e9e13f33064f67bec.jpg, 0, 1
1653298613065_jpg.rf.49c52799c76e90ed785c1542ea7c616c.jpg, 1, 0
1653298613076_jpg.rf.4fc1ee5d68acce0d31c053d9bff2a90a.jpg, 1, 0
1653298613109_jpg.rf.4d4a50ecab380a5413e06d18d5167516.jpg, 1, 0
1653298613318_jpg.rf.4b4eb7f3133e958bdf85edb0cef51d44.jpg, 0, 1
1653298613258_jpg.rf.4c58a645486288d5eb0506040c6a2d0a.jpg, 1, 0
1653298613264_jpg.rf.4d86ca99ff21eb5fba3115c569b30202.jpg, 0, 1
1653298613238_jpg.rf.4d918d9597bf13302b3309a857be3c47.jpg, 1, 0
1653298613264_jpg.rf.4b7213a9eab2e5f850050e2404adfd95.jpg, 0, 1
1653298613555_jpg.rf.4d05ac6e23cc2fd96fc0bf561b28b44c.jpg, 0, 1
1653298613229_jpg.rf.51524d765475a752490432d5cef4c3b4.jpg, 1, 0
1653298613224_jpg.rf.537b1813ee1e86d2c101e3bf183d10c6.jpg, 1, 0
1653298613128_jpg.rf.5290518e50ef28434a60658a596a6e94.jpg, 1, 0
1653298613382_jpg.rf.4d6b2d3cd192161082e6f96889db7b4a.jpg, 0, 1
1653298613574_jpg.rf.558b4942c5974e228d4af1669a3d558b.jpg, 0, 1
1653298613544_jpg.rf.503252d30b9db19513703568add335fa.jpg, 0, 1
1653298613604_jpg.rf.4f8112956d7d7b66960b06d796a311a8.jpg, 0, 1
1653298613574_jpg.rf.59946b62b638277fdb3208c401ed13d0.jpg, 0, 1
1653298613352_jpg.rf.550446f34586f2a190a830811877bab1.jpg, 0, 1
1653298613544_jpg.rf.5634731b304522807bc373ad8d00157d.jpg, 0, 1
1653298613615_jpg.rf.57f5a02c03ba53f3f993c9a6fee6bf0f.jpg, 0, 1
1653298613523_jpg.rf.59b427f0ff5375937c5c9e9c78f7c264.jpg, 0, 1
1653298613382_jpg.rf.5b4d7c9e6e937c8f6269a753722b3c0c.jpg, 0, 1
1653298612997_jpg.rf.5421595be2787af63e7844534fe24543.jpg, 0, 1
1653298613033_jpg.rf.547cc4d9cbef607bbfcdf4950fe28f5c.jpg, 1, 0
1653298613518_jpg.rf.57b1b96f7fd6ccd061654c59318b07cd.jpg, 0, 1
1653298613012_jpg.rf.57b2a72ad6c868f05486e3d925811e99.jpg, 1, 0
1653298613318_jpg.rf.5521df720a3a6deded7ca0203a63d642.jpg, 0, 1
1653298613184_jpg.rf.5b399b8426c03e6aa3afb6a171075aca.jpg, 1, 0
1653298613367_jpg.rf.5a58e0d3b8a51c06cf820357e3055460.jpg, 0, 1
1653298613382_jpg.rf.56d711f5746ae5e1999f7fb4f0be155a.jpg, 0, 1
1653298613229_jpg.rf.59c589f574d8997bf739e59f7eaa7990.jpg, 1, 0
1653298613278_jpg.rf.5fce1b893a4574c6043319533cd3e488.jpg, 1, 0
1653298613507_jpg.rf.5bc9e6da0352bc161888a48ecb2aa330.jpg, 0, 1
1653298613028_jpg.rf.5d1ac23827c265a94f4d132f0e48ae0a.jpg, 1, 0
1653298613598_jpg.rf.5c3bf864abcecd8ad14e80eee9f6d9aa.jpg, 0, 1
1653298613631_jpg.rf.5f5823c7b2f67d8405335a3a4856efa9.jpg, 0, 1
1653298613134_png_jpg.rf.5dc201c9ad7b65bf0f3a90c1d3ca629f.jpg, 1, 0
1653298613044_jpg.rf.63196b9f7f2cdf2c790a33eb640c602c.jpg, 0, 1
1653298612979_jpg.rf.5c770a2cf88df667a91c850b2892ea42.jpg, 1, 0
1653298613529_jpg.rf.61a0ea7f59a17f1565499c0a9d656756.jpg, 0, 1
1653298613159_png_jpg.rf.63b247e334f5d24b118c74e9036c3263.jpg, 1, 0
1653298613120_jpg.rf.6739af48edf8950c4dc7a1406e1c7858.jpg, 1, 0
1653298613268_jpg.rf.62db93f9c4914dbbb3c9a931de0d40d2.jpg, 1, 0
1653298613018_jpg.rf.5f8026d5c055d7b48199064ff4ff8d28.jpg, 1, 0
1653298613621_jpeg_jpg.rf.6669a0b564adb6c111d8c84ced83ca02.jpg, 0, 1
1653298613115_jpg.rf.654d66c2edcf1367c524bd149cab7608.jpg, 0, 1
1653298613180_jpg.rf.64925490e803e97f90bcd3e371e0aa88.jpg, 0, 1
1653298613244_jpg.rf.6128647fdbe13494d92118f9883b04ef.jpg, 1, 0
1653298612971_jpg.rf.63ee44b0dcf0f45ea7a093a804c99029.jpg, 1, 0
1653298613362_jpg.rf.63200d23dfc96265c1b6497ed935ee5c.jpg, 0, 1
1653298613120_jpg.rf.66241c9c916f7273027fcb781152a9f7.jpg, 1, 0
1653298613082_jpg.rf.688bb5e4a5f42a7df6c41946bac6e94f.jpg, 1, 0
1653298613174_jpg.rf.68f92ae4823dcd03ee68e5c96eb49d2c.jpg, 1, 0
1653298613044_jpg.rf.63cdccf6782320306801b99cebcc7d0a.jpg, 0, 1
1653298613568_jpg.rf.6a00bba36123b66505a379c87f79f799.jpg, 0, 1
1653298613001_jpg.rf.6b77b24e726a4c2e5239c6c9ded822f2.jpg, 1, 0
1653298613304_jpeg_jpg.rf.698f49fac6cf48b1d4500daaf4a62df9.jpg, 0, 1
1653298613088_jpg.rf.697d4867149bfe06735749b65af23c02.jpg, 1, 0
1653298613382_jpg.rf.66e76fe6d124c4132fbe4a005adfaf80.jpg, 0, 1
1653298613626_jpg.rf.674232f56ec0da08a4bd6ac912352baf.jpg, 0, 1
1653298612997_jpg.rf.6ae8746c7a3e79eb00ba00d31e7f8080.jpg, 0, 1
1653298613033_jpg.rf.6cc001a1f7cb75226cfa1cc02759a305.jpg, 1, 0
1653298613033_jpg.rf.6cf9b9faf9d79bc25b90f8753d6a71f0.jpg, 1, 0
1653298613194_jpg.rf.6959754396ea10ca5ba1bb9fc5403f7e.jpg, 0, 1
1653298613598_jpg.rf.69807cae5f5e08904427dc8874390377.jpg, 0, 1
1653298613529_jpg.rf.6d916761c73571a8dc8625bb08a0736d.jpg, 0, 1
1653298613238_jpg.rf.75f5e8cc0eaaa1d99bc37c7005fa0c2e.jpg, 1, 0
1653298613065_jpg.rf.6fc75f18971f583b09a6c8d0007a026c.jpg, 1, 0
1653298613631_jpg.rf.6f95ad79f961a1a44f4cf7c2896340d1.jpg, 0, 1
1653298613082_jpg.rf.758a5c798f152ac1e7624ec32b8f5c90.jpg, 1, 0
1653298613544_jpg.rf.6e7f0073b201ad174061ce8b88460317.jpg, 0, 1
1653298613258_jpg.rf.761e5148336e5e22d15f3fb73a94d4ce.jpg, 1, 0
1653298613631_jpg.rf.783bf25fd67bc0085b621e9c6dea549a.jpg, 0, 1
1653298612991_jpg.rf.7d272bd30bf6ba494f8b65148e31442d.jpg, 1, 0
1653298613615_jpg.rf.70eb61c40331f8e34f0e3ba3c4929fab.jpg, 0, 1
1653298613264_jpg.rf.6956ee85fdf037018727af4a819f7f34.jpg, 0, 1
1653298613621_jpeg_jpg.rf.7bc894193c504810a64bd2a494756d25.jpg, 0, 1
1653298613082_jpg.rf.729c7bd6012a63bb581a92c584ef220b.jpg, 1, 0
1653298613144_jpg.rf.721517bc77125194aac1514ed16878d3.jpg, 1, 0
1653298613590_jpg.rf.7a1df6dee13ce1ad72504d2290e8d030.jpg, 0, 1
1653298613184_jpg.rf.7d31086ff27526ff52d9bbdbbd195614.jpg, 1, 0
1653298613194_jpg.rf.75b5761bc44111a35109b72e9e1988b6.jpg, 1, 0
1653298613115_jpg.rf.75bcdc6c74b5f49bc8a189f2d3d514af.jpg, 0, 1
1653298613327_jpg.rf.7d6d1372ef69e57826e39269e22f944e.jpg, 0, 1
1653298613028_jpg.rf.79465ecc22da967303dfb41c9a185c2c.jpg, 1, 0
1653298613636_png_jpg.rf.7bea1954fd1fde7a865f02fbc54fe3f9.jpg, 0, 1
1653298613304_jpeg_jpg.rf.79ffe0e67e14ff908ffcd2fa99002734.jpg, 0, 1
1653298613332_jpeg_jpg.rf.760e1334245d79b4a1295b812dc60fe0.jpg, 0, 1
1653298613012_jpg.rf.804e28e6460237a7689f233ff70e6f7b.jpg, 1, 0
1653298613229_jpg.rf.7f67e54e6c64197204bc6d22e7dc6a7e.jpg, 1, 0
1653298613615_jpg.rf.808861278e612983a66ba234860aad90.jpg, 0, 1
1653298613071_jpg.rf.7dee0e58aaf5e737bb33139f69d7cfcb.jpg, 1, 0
1653298613018_jpg.rf.848fd4e9956254505c4f444cf10df243.jpg, 1, 0
1653298613284_jpg.rf.8045c82a34794612faf19a952abb53c7.jpg, 1, 0
1653298613358_jpg.rf.8354bc5016ecff6e61efcfc696027d2b.jpg, 0, 1
1653298613050_jpg.rf.7ea4c023f321470a02fd946e006418aa.jpg, 0, 1
1653298613082_jpg.rf.882f971f0ba8e7dfc352a5ce89a3ef21.jpg, 1, 0
1653298613200_jpg.rf.81b49c93778f21ae2c0c5abb775d107c.jpg, 1, 0
1653298613088_jpg.rf.825b235510309d17f2bb27cb07904c16.jpg, 1, 0
1653298613636_png_jpg.rf.86fd8861e9fb1550a9b029c34e2d4a96.jpg, 0, 1
1653298613007_jpg.rf.83cedce08090461d63fc057d78c3ca64.jpg, 1, 0
1653298613028_jpg.rf.867c7bc273b3d2010571b9147bc02c70.jpg, 1, 0
1653298613482_jpg.rf.8ba7827dacfd24f16cd15494d13f0c20.jpg, 0, 1
1653298613194_jpg.rf.8c029a0ed1c2ebae0bd266bca4006aeb.jpg, 0, 1
1653298613210_jpg.rf.8c59023ee3579aa7dfb75ea60ab472fc.jpg, 0, 1
1653298613372_jpg.rf.814ee334cb7b3b30bd04cfbaf5bb1bb4.jpg, 0, 1
1653298613284_jpg.rf.84fa38bb3ff8fbc889a25334496cf04a.jpg, 1, 0
1653298613109_jpg.rf.8d4d2e81560af64702f8291364ef4078.jpg, 1, 0
1653298613621_jpeg_jpg.rf.8e459a437e7ebcc78b98def569152abd.jpg, 0, 1
1653298613343_jpg.rf.818afc49933018ef7dd63f5d0faf776c.jpg, 0, 1
1653298613088_jpg.rf.81fff6202601edd004c8b61cf0838e55.jpg, 1, 0
1653298613358_jpg.rf.8d99b7105509f17a3e42786020e9ad90.jpg, 0, 1
1653298613184_jpg.rf.888c419d0c3775cf2b2dfc975b3dad2d.jpg, 1, 0
1653298613061_jpg.rf.8e4b4484aa28e7f612ba6d2ee330f2cb.jpg, 1, 0
1653298613018_jpg.rf.9121330e20aaf8807d4616dad2fe97cd.jpg, 1, 0
1653298613318_jpg.rf.92a978f366346a66d927bbde610a765d.jpg, 0, 1
1653298613028_jpg.rf.96134c8119e2254b683a4e2881f7c2ae.jpg, 1, 0
1653298613367_jpg.rf.911e41125e468d3f223ef39c43914eda.jpg, 0, 1
1653298613338_jpg.rf.940bd72795540d8af8a6d7bf911fd8df.jpg, 0, 1
1653298613159_png_jpg.rf.937a24fd49565a297090b21e05438aa3.jpg, 1, 0
1653298613082_jpg.rf.97b102a3ff39f95c0c6e36017e211b6a.jpg, 1, 0
1653298613318_jpg.rf.8ef837f49d273e3cb088f53a9c4bf96b.jpg, 0, 1
1653298613174_jpg.rf.90cdac582384ce3a251138727743ce41.jpg, 1, 0
1653298613184_jpg.rf.9d86e543f5cd2f567c7bf9b7078cfd9d.jpg, 1, 0
1653298613636_png_jpg.rf.9753674b9a176311c88c94b670ddfe2e.jpg, 0, 1
1653298613028_jpg.rf.9e766100d42946103d95b6dec75f8726.jpg, 1, 0
1653298613109_jpg.rf.974f3c8856f37f656f692b21f759d6a5.jpg, 1, 0
1653298613268_jpg.rf.951df6ffc4d04309ea744cf62736a82f.jpg, 1, 0
1653298613318_jpg.rf.9b2bf280ad0377a15854dcf4deb19acf.jpg, 0, 1
1653298613238_jpg.rf.9dc877e39764185cb42c1028ff2b619f.jpg, 1, 0
1653298613568_jpg.rf.8f1289bb5ba1b35d1a408fa6b201f28a.jpg, 0, 1
1653298613174_jpg.rf.9c56088e1465995f739cc5f9f473b19a.jpg, 1, 0
1653298613642_jpg.rf.9e4066a7072177c27c9aebc7186b9931.jpg, 0, 1
1653298613332_jpeg_jpg.rf.96780b9f2757c5627994cad3def78b0a.jpg, 0, 1
1653298612979_jpg.rf.9db19a16133d09bbc6ca1916178f90a4.jpg, 1, 0
1653298613109_jpg.rf.93f92bc017afef54860054f6187557a7.jpg, 1, 0
1653298613550_jpg.rf.9f3f5da634cc9995d5650e2e3cfd8888.jpg, 0, 1
1653298613065_jpg.rf.9805c2360112cca9a2cf98967af75987.jpg, 1, 0
1653298613217_jpg.rf.9f21a7576771ea4dbf5dffcb7ab10677.jpg, 1, 0
1653298613088_jpg.rf.9a72a1cb74cc4fb27954df6edb4741fe.jpg, 1, 0
1653298613609_png_jpg.rf.9fff8e5b59c854ffb58086a7259a2542.jpg, 0, 1
1653298612997_jpg.rf.9fbd9d0dd861e2578c5c085dee008ad5.jpg, 0, 1
1653298613144_jpg.rf.a28e493dd262c99b4383bc673d1a9549.jpg, 1, 0
1653298613631_jpg.rf.a11fe58857c21da8dcdf96d110d7c32a.jpg, 0, 1
1653298613609_png_jpg.rf.a705e19568c3fdbada4f0b42a45c7c14.jpg, 0, 1
1653298613590_jpg.rf.a265282f3e22309fcf79cd8a7e22083b.jpg, 0, 1
1653298613229_jpg.rf.a20933a819b72e223acd4ec149505369.jpg, 1, 0
1653298613044_jpg.rf.a3bceef52d9905abfa4b38129fb06f10.jpg, 0, 1
1653298613372_jpg.rf.a2a605ed39ce0c27f0a8a66ad5a1c440.jpg, 0, 1
1653298613217_jpg.rf.a15a5a3066bc147cf97e7069cdcff43d.jpg, 1, 0
1653298613529_jpg.rf.a68dd385e646aa098433bf380df7684e.jpg, 0, 1
1653298613224_jpg.rf.a9bc8fcac79b4170e356c6d5b233cdac.jpg, 1, 0
1653298613128_jpg.rf.9f65cf9f18e47d7b332d88bd026662ec.jpg, 1, 0
1653298613229_jpg.rf.a6897f3262c44077ee3970c221d891c5.jpg, 1, 0
1653298612997_jpg.rf.a420d11380d8f5b68c858a05d91edb93.jpg, 0, 1
1653298613492_jpg.rf.a907e370ff4a48fa1db06c1b8221c758.jpg, 0, 1
1653298613001_jpg.rf.9f6bdd7e4f5cc5f114a1463d5f5f6d9d.jpg, 1, 0
1653298613056_jpg.rf.a4b8305f1c32c0abfcde331b19497130.jpg, 0, 1
1653298613018_jpg.rf.a7d1eda841bde924a65e500d8d5cd141.jpg, 1, 0
1653298613234_jpg.rf.a69c1e362a705b0beab12cb77bc7c91c.jpg, 1, 0
1653298613362_jpg.rf.a752bc107a8fe8ef67331c1e9db33b44.jpg, 0, 1
1653298613574_jpg.rf.a3d5fdc2e48f9f2a9811f6d5730b4a8d.jpg, 0, 1
1653298613028_jpg.rf.a5b66c5dbd7a2854e805f4b544c509e8.jpg, 1, 0
1653298613642_jpg.rf.a53177df6ded4523de17f58085b618fd.jpg, 0, 1
1653298613210_jpg.rf.a6d700db543d26a2a8b81e24a4a57c00.jpg, 0, 1
1653298612997_jpg.rf.aa119da1c89217ef39890bcfa2a1bd59.jpg, 0, 1
1653298613539_jpg.rf.ac9cf170df19422bebc93ef5589b0724.jpg, 0, 1
1653298613169_png_jpg.rf.ab34d35a6c502a90e6f23e86d7815f5e.jpg, 0, 1
1653298613523_jpg.rf.ad0dada79de79b0e5bf3a2360e2c243f.jpg, 0, 1
1653298613001_jpg.rf.adc0a80768e3c01211183510e7dd62c2.jpg, 1, 0
1653298613033_jpg.rf.b3322b5e31507f5d66cd0ac7d2009a5d.jpg, 1, 0
1653298613284_jpg.rf.af3619a9d59e256c8c6a93a31e6bcdc1.jpg, 1, 0
1653298613258_jpg.rf.acf66d9ccee3cc8d6006efec552f37d1.jpg, 1, 0
1653298613210_jpg.rf.b063b2c578e5e668a1a348cb915e0c88.jpg, 0, 1
1653298613621_jpeg_jpg.rf.b569a8ceffe5977060faa5e99675b702.jpg, 0, 1
1653298613590_jpg.rf.aec29ac3139310f5b9dd33fe0c14094d.jpg, 0, 1
1653298613312_jpeg_jpg.rf.ae8ca4ba3343fd1f0d0481a45d483ea0.jpg, 0, 1
1653298613327_jpg.rf.b5f870fd3c54c9063cf5380ec9057b44.jpg, 0, 1
1653298613590_jpg.rf.ae73489e80c5d78264d94c7021e9c986.jpg, 0, 1
1653298613249_jpg.rf.b48f511758a00468afbdbe703834a1b7.jpg, 1, 0
1653298613348_png_jpg.rf.b7279095cf83ac4b9201d750594ff004.jpg, 0, 1
1653298613128_jpg.rf.b3fbd77ed30c6303ef56e86debc28e9f.jpg, 1, 0
1653298613534_jpg.rf.b5d34d205e5e159b2497725f659fd8f3.jpg, 0, 1
1653298613348_png_jpg.rf.b77a68caa6fcc56d6088a3df9116cbbb.jpg, 0, 1
1653298613210_jpg.rf.b2194caea1b8af9c0ab2ccfdbe605292.jpg, 0, 1
1653298613249_jpg.rf.b5da33a9315842a1fbef4b384d642ee4.jpg, 1, 0
1653298613284_jpg.rf.b73c500b479a7008ede85e8d756ee35f.jpg, 1, 0
1653298612997_jpg.rf.b57cc88d2530634925149fefd46dac43.jpg, 0, 1
1653298613338_jpg.rf.b47c8c2f84d908cd10920c2844731454.jpg, 0, 1
1653298613104_jpg.rf.b6ab398d284cb46cbef3429506c062cb.jpg, 0, 1
1653298613343_jpg.rf.b7b37d2ed09130d447223d00c50dece9.jpg, 0, 1
1653298613621_jpeg_jpg.rf.b558ece0e0bc834be110037d68c1899b.jpg, 0, 1
1653298613039_jpg.rf.b80086237afeaadef0f6c3e87478c95e.jpg, 0, 1
1653298613164_png_jpg.rf.b7f1a5dc0e8bb968be987aadbfc1e9e2.jpg, 1, 0
1653298613093_jpg.rf.b702768c3300c29c126e6433775c2e18.jpg, 1, 0
1653298613598_jpg.rf.b665f7e87a9a717ff79f6982844cc54a.jpg, 0, 1
1653298613169_png_jpg.rf.b8c1a3f3254ca334f0a17617afed987f.jpg, 0, 1
1653298613088_jpg.rf.b85a7ea8e6cf9934cc83e1f520bb81b9.jpg, 1, 0
1653298613318_jpg.rf.b91cb5bce86ed4707c53c0cf9272d8f1.jpg, 0, 1
1653298613378_png_jpg.rf.b9736fde61762973ffc64ffeff3282f5.jpg, 0, 1
1653298613065_jpg.rf.b8d6c4ba0a77f405345309a5e23bba90.jpg, 1, 0
1653298613284_jpg.rf.bab6b9c8506eff6b051a154470a74160.jpg, 1, 0
1653298613001_jpg.rf.bbab5e01b85cccd09284483e448f5d6f.jpg, 1, 0
1653298613626_jpg.rf.b958ac5994442ecaf16df188a4f14c12.jpg, 0, 1
1653298613194_jpg.rf.bc098e31ef5229543a95a3c3c95f9ecc.jpg, 1, 0
1653298613378_png_jpg.rf.c265a11cb95dd6a4edbcb35bee9e9361.jpg, 0, 1
1653298613200_jpg.rf.ba6858ce473f6a874f7a7cff357f4f7a.jpg, 1, 0
1653298613249_jpg.rf.bf989b391e3fe1887af114771be27d80.jpg, 1, 0
1653298613194_jpg.rf.c395e0f6a325d889403d7babab7dfd5f.jpg, 1, 0
1653298613144_jpg.rf.bac76595e33d5de211307ac0322a0b25.jpg, 1, 0
1653298613088_jpg.rf.bb103d8b61132749f33cc08a06899113.jpg, 1, 0
1653298613264_jpg.rf.bfcf295839949a3ec48b328ce7b891f5.jpg, 0, 1
1653298613022_jpg.rf.b972e5bfa7538570cf9b994b092d4f40.jpg, 1, 0
1653298613378_png_jpg.rf.bea5ad467254dd0271ef230c8cf66c2c.jpg, 0, 1
1653298613071_jpg.rf.b9f4efed613cccd447195f477aef841c.jpg, 1, 0
1653298613523_jpg.rf.c275624dc5906c5d2d2f68e747f37472.jpg, 0, 1
1653298613128_jpg.rf.c080acaea8c692f4984e1681b865816e.jpg, 1, 0
1653298613174_jpg.rf.bfb4e28466894ca8e79e5d0f9f5d62b2.jpg, 1, 0
1653298613128_jpg.rf.c6d5e767dc9cb6b7cc8be718067f5f92.jpg, 1, 0
1653298613238_jpg.rf.bd59f437614e81d7c65210335abb3789.jpg, 1, 0
1653298613318_jpg.rf.b9911c94399229675c5ff9bf5e491cf7.jpg, 0, 1
1653298613492_jpg.rf.bd3bb5f05261eb47d6be5a4c6d1b40d5.jpg, 0, 1
1653298613109_jpg.rf.bf6e4002cbf280606e290ad252c0a79b.jpg, 1, 0
1653298613492_jpg.rf.bb2446ac96aeca9abf5fa2b500ffe218.jpg, 0, 1
1653298613352_jpg.rf.c53315d9bf5d4b2e6073cb2282736d2e.jpg, 0, 1
1653298613258_jpg.rf.c7e8a175f3cc633618dc7af5e145b2a1.jpg, 1, 0
1653298613352_jpg.rf.bbbe63bbaef2a898139498349c08e518.jpg, 0, 1
1653298613264_jpg.rf.c75dd8d3b0c5344a9ddcfd0973a5b717.jpg, 0, 1
1653298613268_jpg.rf.c9ba9128c0491e2f255247f41a6ff718.jpg, 1, 0
1653298613120_jpg.rf.c6844898279d3da6b3e48993e9606592.jpg, 1, 0
1653298613082_jpg.rf.ce0dcbb91e243d1b978ec8f5d4b40cba.jpg, 1, 0
1653298613039_jpg.rf.c870745c3f6b0ab474a21da71bee19e1.jpg, 0, 1
1653298613372_jpg.rf.cfa6f225121860f6818b7c3e29b9b9c0.jpg, 0, 1
1653298613574_jpg.rf.cad5dcae3c00da0785ce750214210f2a.jpg, 0, 1
1653298613039_jpg.rf.caf1db988cf6837319380b8bf8d27831.jpg, 0, 1
1653298613284_jpg.rf.cbc60ce0f75c7895e5adf007811494db.jpg, 1, 0
1653298613534_jpg.rf.c865e3fc6b4a9c25d9abca7f5d4a7677.jpg, 0, 1
1653298613378_png_jpg.rf.cce36b76f8b0b3af96ea3598f63c8715.jpg, 0, 1
1653298613636_png_jpg.rf.d0fc635e71df1e819fd5b163380edf8a.jpg, 0, 1
1653298613560_jpg.rf.cfa3a99510dbd2073ad41b8249889b63.jpg, 0, 1
1653298613028_jpg.rf.d2145f571f8c9d48a10829ac9df20825.jpg, 1, 0
1653298613234_jpg.rf.d1092c0a0a273bf8b941e3c52314ee2f.jpg, 1, 0
1653298613529_jpg.rf.c8b850d3e03a82800340b3a415df59fd.jpg, 0, 1
1653298613584_jpg.rf.ced512c90cab529ce1f15700b2ba062d.jpg, 0, 1
1653298613210_jpg.rf.d4d987fd7854eb970fb07a6cc6dce327.jpg, 0, 1
1653298613318_jpg.rf.d57ef30ae158191bde84ca2976c93418.jpg, 0, 1
1653298613378_png_jpg.rf.ce4f6a3c03ecffa37363f447b58b579e.jpg, 0, 1
1653298613358_jpg.rf.d22e54363a19deb737d06399a83cc2c5.jpg, 0, 1
1653298613258_jpg.rf.d0eff004313eac81972bae8a30305278.jpg, 1, 0
1653298613229_jpg.rf.d0810a604bcf9d8876cd93873467fa9f.jpg, 1, 0
1653298613249_jpg.rf.d793f0b24855cd41f985b29f1cf2c299.jpg, 1, 0
1653298613169_png_jpg.rf.d5ab764a991e075fadd28fcffa873efe.jpg, 0, 1
1653298613560_jpg.rf.d9f718c59ce94bab3743229dfd26ef80.jpg, 0, 1
1653298613065_jpg.rf.da797b0174454d9b684b6da45fa4056b.jpg, 1, 0
1653298613487_jpg.rf.d9b78fda70c23b8eed21e3e153dc55aa.jpg, 0, 1
1653298613626_jpg.rf.d7ec025785e8d99e824676c60ca56430.jpg, 0, 1
1653298613229_jpg.rf.d6ac45078dd73a3a5ab0f7884dee79ad.jpg, 1, 0
1653298613224_jpg.rf.db0b78bdf62c15c94a6622eb38583c36.jpg, 1, 0
1653298613560_jpg.rf.dbcd7e02829a4e91ca4d99f8a3e0f2e7.jpg, 0, 1
1653298613264_jpg.rf.d99298c9b9652acb14c8482e0ab331e5.jpg, 0, 1
1653298613194_jpg.rf.de51bf7db9de6f0aab94ecd27f12dad0.jpg, 1, 0
1653298613093_jpg.rf.dc56a601399963037ad2d515c88cdb6d.jpg, 1, 0
1653298613268_jpg.rf.e3fa78112a53cd2e6c041e22d950aa14.jpg, 1, 0
1653298613312_jpeg_jpg.rf.e31e3534c128d28dd5c46d98b15256d6.jpg, 0, 1
1653298613264_jpg.rf.d94c4697adfbeb35c58d2f811e22fd22.jpg, 0, 1
1653298613134_png_jpg.rf.e00d5b5a638d9df0db6aa10084675a13.jpg, 1, 0
1653298613482_jpg.rf.dc6b56c4fbc4390b3535a08eb0079a38.jpg, 0, 1
1653298613033_jpg.rf.da6a6fc95dffef76fcb014b29350ee13.jpg, 1, 0
1653298613033_jpg.rf.e599c08dfdce7b616065735fbec57a21.jpg, 1, 0
1653298613529_jpg.rf.e5492b16b9b97f74d124451b28129d5f.jpg, 0, 1
1653298613560_jpg.rf.e51ed77885b210e92f45d52d3d13c04a.jpg, 0, 1
1653298613174_jpg.rf.dd22c78f2e12ee315949d23868bbe8c3.jpg, 1, 0
1653298613598_jpg.rf.dce8f1e7cc8767d827060d7973f333e5.jpg, 0, 1
1653298613234_jpg.rf.e38074b308eb4129e86d13c30ecd7f8a.jpg, 1, 0
1653298613028_jpg.rf.e5a376861bf7a86ba70591c8a8fbaeb1.jpg, 1, 0
1653298613159_png_jpg.rf.e63efda831cc51b0ddfd697c2c1f2ef6.jpg, 1, 0
1653298613529_jpg.rf.e1025086d3bd5c899b3d54cc185a0bcc.jpg, 0, 1
1653298613487_jpg.rf.e45101266d10d35e1442c119d3a619c9.jpg, 0, 1
1653298613164_png_jpg.rf.e723949c30f52724bdc2fcc58f259b3b.jpg, 1, 0
1653298613238_jpg.rf.e4a72e3ffbeb5401539de3ae35de0520.jpg, 1, 0
1653298613056_jpg.rf.e5f4de1ec51dee8ed4b51f7c88c917a4.jpg, 0, 1
1653298613180_jpg.rf.e71b7e84c3e186f097d3a4969a55bebf.jpg, 0, 1
1653298613278_jpg.rf.e1606ecd31910c6bf2c3bc404a89a818.jpg, 1, 0
1653298613224_jpg.rf.e75cc9134e23a6064342e58082b5e010.jpg, 1, 0
1653298613492_jpg.rf.e77f0e20d7b5c7fed5bcad9443052277.jpg, 0, 1
1653298613590_jpg.rf.e9a385fe4e9de460c6371872d409202c.jpg, 0, 1
1653298613229_jpg.rf.e81b7cb8bca1b466d37c1315348fac4f.jpg, 1, 0
1653298613482_jpg.rf.e81968f69afe45c94b13c6bce2c2f337.jpg, 0, 1
1653298613120_jpg.rf.e877a15b7f6b791a8702ad2fbb18e89b.jpg, 1, 0
1653298613327_jpg.rf.e8c214104859b718247841980fe78a24.jpg, 0, 1
1653298612991_jpg.rf.e5bd473d5450cdd8264ee306aaac338c.jpg, 1, 0
1653298613039_jpg.rf.e7aecf669c66ae112f0d213a9fc606cc.jpg, 0, 1
1653298613234_jpg.rf.f14928fb313197f6f932e8ba03060268.jpg, 1, 0
1653298613382_jpg.rf.eb6d41a37a4d3c295b738da0491107ca.jpg, 0, 1
1653298613007_jpg.rf.ef8e941a13a33a948bca018f8cb22ea0.jpg, 1, 0
1653298613312_jpeg_jpg.rf.eaf5cc085ecc29f42a3abedbd3c4e491.jpg, 0, 1
1653298613120_jpg.rf.eda68894525ece2704461e4af9079bbc.jpg, 1, 0
1653298613244_jpg.rf.efd9386ba6404cdbcc61717f23d17bf2.jpg, 1, 0
1653298613268_jpg.rf.f1f40861d494a01111a0eebe6d04a7f3.jpg, 1, 0
1653298613210_jpg.rf.f5008ffae6b39eb6300080be909b4e76.jpg, 0, 1
1653298613550_jpg.rf.f00153ab64a5d41c7ce1cb1a85f2fff5.jpg, 0, 1
1653298613018_jpg.rf.f1bc32cf42809d57feb67b7d14f36618.jpg, 1, 0
1653298613033_jpg.rf.f1b514d8296ee6fec33d0349f40128f6.jpg, 1, 0
1653298613249_jpg.rf.f2b6d5159d9155a7eb0eb7366d30ce8f.jpg, 1, 0
1653298612979_jpg.rf.e9ea66a59713c3de2fdedb6fa1157378.jpg, 1, 0
1653298613007_jpg.rf.f11674b147dfb1909a8c99fe4a3076bc.jpg, 1, 0
1653298613076_jpg.rf.f17ae4e330af4e1b94352184d81d4490.jpg, 1, 0
1653298613071_jpg.rf.f1c8dff1131c01a4196addfd83925816.jpg, 1, 0
1653298613598_jpg.rf.f4b55b3c8454db0ccf7ff69d9d5b5f8d.jpg, 0, 1
1653298613507_jpg.rf.f36ae388d92be3b5da79ec6dd2bcb87a.jpg, 0, 1
1653298613598_jpg.rf.f52d68e45a58f913324244c60605e742.jpg, 0, 1
1653298613128_jpg.rf.f534864e563d47e5ddb371844a7ec548.jpg, 1, 0
1653298613050_jpg.rf.f642dc2d9500a1af222e435dd71ff168.jpg, 0, 1
1653298613358_jpg.rf.e0d23143df761ea37e9d2bfb9593e8d8.jpg, 0, 1
1653298613604_jpg.rf.f45848b41dc5a5d85a7cc0945ad6bed6.jpg, 0, 1
1653298613109_jpg.rf.ff813696a92f2f7c0442fe5f6834b9af.jpg, 1, 0
1653298613590_jpg.rf.fceee94282c527b201f94a748b402f37.jpg, 0, 1
1653298613642_jpg.rf.f91aae56b29c3411ccfa2a45a6ea7b40.jpg, 0, 1
1653298613164_png_jpg.rf.f5ac3a8a5f12adb5057374dcd73dedfd.jpg, 1, 0
1653298613044_jpg.rf.fdd60a0bbe81454a91d0406354275338.jpg, 0, 1
1653298613574_jpg.rf.f660e94fa2ede43385a646bf38743447.jpg, 0, 1
1653298613496_jpg.rf.fe8e19a8af3c7661b8aafb6879c37ce5.jpg, 0, 1
1653298613159_png_jpg.rf.fda1975c90d0aec78c7f698c8ce125db.jpg, 1, 0
1653298613560_jpg.rf.fa6315fc3ace3aa710bea7b1d90a9b83.jpg, 0, 1